,AA,input,exp_rep1,exp_rep2,bind_rep1,bind_rep2,exp_rep1_enrich,exp_rep2_enrich,bind_rep1_enrich,bind_rep2_enrich,exp_average_enrich,bind_average_enrich
0, AETGWDGMDV,495,560,506,85,354,-0.011924909135205594,-0.04475620421587866,-0.7897929513662064,-0.16275223935489236,-0.02834055667554213,-0.4762725953605494
1, AKEGGSGSLRYYYYGMDV,402,460,486,87,133,-0.0070102146526309,0.027941428014507642,-0.6896321001105176,-0.4956991636960908,0.01046560668093837,-0.5926656319033041
2, AKMLWLRGWFDP,424,745,836,179,1627,0.17894380352118772,0.24005404088393126,-0.4019261510665822,0.5657665545830819,0.2094989222025595,0.08192020175824985
3, ARAGWLRGRFDP,196,332,337,194,305,0.16257191344355731,0.18016798705704457,-0.03324134091865166,0.17375628440019808,0.17136995025030094,0.07025747174077321
4, ARAHVDTAMVESGAFDI,228,161,122,9,175,-0.21572656169842663,-0.3242128579595072,-1.3886452084594647,-0.13182173044552709,-0.26996970982896695,-0.7602334694524959
5, ARAISESPRYGVY,339,432,404,119,31,0.039602885409940704,0.021693619113396158,-0.481107397114207,-1.0438278546421382,0.03064825226166843,-0.7624676258781726
6, ARALPYGDLHFDY,384,375,319,116,298,-0.07567897848200916,-0.1345932382476119,-0.5460845938819157,-0.12728845710385994,-0.10513610836481053,-0.3366865254928878
7, ARATWLRGVMDV,350,451,425,228,114,0.04442522444438843,0.029819995577877633,-0.2142813602455128,-0.5021081920320013,0.03712261001113303,-0.35819477613875705
8, ARDAAVYGIDV,192,311,226,167,188,0.1431911911094994,0.016186061126331752,-0.08905775340148757,-0.02659442075431859,0.07968862611791558,-0.05782608707790308
9, ARDALYYNGPGRDGMDV,281,303,417,127,333,-0.03278161861177698,0.11664468639665694,-0.37184886479106943,0.055998442572414486,0.041931533892439976,-0.15792521110932747
10, ARDAMSYGMDV,352,370,455,128,163,-0.04380688967394623,0.056907650217595196,-0.4659947212081503,-0.35042977325991354,0.0065503802718244845,-0.40821224723403193
11, ARDAQNYGMDV,235,250,314,134,215,-0.03864437539023805,0.0711160637604767,-0.2713879605946772,-0.05595716773896463,0.016235844185119325,-0.1636725641668209
12, ARDAVGSYYYGMEV,215,260,372,67,297,0.016780662286180466,0.1829725935987395,-0.5307545645642714,0.12226359700553532,0.09987662794245998,-0.20424548377936802
13, ARDFGDFFFDY,200,272,271,24,286,0.06756049571909759,0.0770903595546926,-0.934065774868028,0.13718692339371452,0.07232542763689509,-0.39843942573715674
14, ARDFGDFYFDY,237,297,381,114,319,0.032233213118573745,0.1512039187961795,-0.34468884282247697,0.11107410534360504,0.09171856595737662,-0.11680736873943597
15, ARDFGEFYFDY,229,427,417,81,147,0.20430983909440953,0.2051659586984251,-0.47672370975345296,-0.2089650365424245,0.2047378988964173,-0.3428443731479387
16, ARDFLRWHDL,318,542,522,96,5,0.1656030526304962,0.16042851875107586,-0.5458286749105129,-1.7431383485933265,0.16301578569078604,-1.1444835117519196
17, ARDGEGQRETDY,150,158,223,14,0,-0.04298591687388759,0.1169885839819761,-1.031695414357065,-2.1964758632129584,0.03700133355404425,-1.6140856387850118
18, ARDGGGSYPHRAFDI,217,240,262,95,110,-0.021845544930906013,0.027216767826135854,-0.3849949866846131,-0.31063243073773633,0.00268561144761492,-0.34781370871117473
19, ARDGGHYGMDV,523,640,703,145,133,0.0221206486339212,0.07395888509936838,-0.5837881573188661,-0.6097254045387079,0.04803976686664479,-0.596756780928787
20, ARDGRAVAGTD,275,290,237,152,22,-0.042422186980480024,-0.11861461206772296,-0.2850273773671956,-1.0966801619674138,-0.08051839952410149,-0.6908537696673047
21, ARDHGMAAAGYNY,176,187,212,54,92,-0.03922151099929631,0.0261238500179139,-0.5364203029871394,-0.2969892337276605,-0.006548830490691207,-0.41670476835739995
22, ARDIAGRLDY,308,268,247,219,384,-0.12561229332359616,-0.14978928565763552,-0.17634552472220505,0.07800333416387704,-0.13770078949061584,-0.049171095279164
23, ARDKWEGTFDY,195,309,336,200,71,0.13369952857662706,0.18109134245584535,-0.017869740055563868,-0.4524224908449965,0.1573954355162362,-0.2351461154502802
24, ARDLAVYGMDV,247,343,389,1838,448,0.0767006678441443,0.14233043914126578,0.8413203222922845,0.240295744257318,0.10951555349270503,0.5408080332748012
25, ARDLDIAGAFDI,208,171,205,807,408,-0.1500239331046746,-0.06056155280091776,0.5584553485439555,0.2740781059764989,-0.10529274295279618,0.4162667272602272
26, ARDLDVSGGMDV,371,419,440,2304,806,-0.012699743385166615,0.01961316252692389,0.7633182637241928,0.31883167892038394,0.0034567095708786374,0.5410749713222883
27, ARDLDVYGLDV,262,268,214,1586,934,-0.05560956238851944,-0.14179977563316973,0.7518114521455136,0.5333569464629709,-0.09870466901084458,0.6425841993042423
28, ARDLDYYGMDV,266,361,394,1874,474,0.06679121526742098,0.11580334720286785,0.8176802845795857,0.2326834323405024,0.09129728123514441,0.5251818584600441
29, ARDLEERGAMDV,203,228,252,1288,594,-0.015200778987180273,0.039207866690901906,0.7718130238079276,0.4473878823828618,0.012003543851860816,0.6096004530953947
30, ARDLENGGLDV,236,292,245,427,451,0.026713180442835986,-0.03809572596574189,0.2278856968834915,0.2628911728814893,-0.0056912727614529535,0.2453884348824904
31, ARDLERAGGMDV,304,348,355,167,368,-0.0068805062887755475,0.012867671567072162,-0.28780028374049965,0.06522761089248559,0.0029935826391483075,-0.11128633642400704
32, ARDLFYYGMDV,144,190,211,132,91,0.054259271111583046,0.11068537163475933,-0.06632608738746576,-0.2150790908092086,0.08247232137317119,-0.14070258909833716
33, ARDLGDYGMDV,417,377,400,3808,2165,-0.10909057583897946,-0.07231439621387009,0.9308249647663344,0.6969832545944774,-0.09070248602642478,0.8139041096804058
34, ARDLGERGMDV,212,195,135,2004,2123,-0.1015296259834312,-0.24912318212753737,0.9449250473978867,0.9812759930509047,-0.17532640405548428,0.9631005202243957
35, ARDLGTGLFDY,335,312,328,112,459,-0.09620103374456515,-0.06342586649888703,-0.502070560026001,0.11891963837194107,-0.07981345012172608,-0.19157546082702998
36, ARDLISRGMDV,283,281,247,123,17,-0.06847532562884619,-0.1131491462798386,-0.3887063810043793,-1.2155447508635207,-0.0908122359543424,-0.80212556593395
37, ARDLMAYGMDV,174,228,199,604,805,0.05139133975242406,0.0037094599186695675,0.5099075998465978,0.6457980771990073,0.027550399835546815,0.5778528385228026
38, ARDLNEHGLDV,294,220,204,1324,600,-0.19083583619422187,-0.21235064198142595,0.623584136175087,0.2915535401047875,-0.2015932390878239,0.45756883813993726
39, ARDLNIAGGFDI,178,167,151,102,293,-0.0929498431551999,-0.12529193009413783,-0.26882553239429763,0.19799538351247517,-0.10912088662466887,-0.03541507444091123
40, ARDLPLHGDYFDY,139,187,214,19,219,0.06262371968427223,0.13202793717835012,-0.8739077661338335,0.17879572922417925,0.09732582843131118,-0.3475560184548271
41, ARDLQYYGMDV,249,351,260,176,383,0.08319656090492379,-0.035581988392773885,-0.1787764684298077,0.16889229977570422,0.023807286256074953,-0.004942084327051746
42, ARDLRDQDGYSYGAFDY,185,108,134,33,0,-0.2974925401784622,-0.19346166278192736,-0.7668437532952379,-2.287011860137705,-0.2454771014801948,-1.5269278067164715
43, ARDLRGPGTFDI,171,166,244,67,0,-0.07821806966113516,0.09935515039796633,-0.43182926032088925,-2.253027362827338,0.010568540368415584,-1.3424283115741136
44, ARDLSAAFDI,255,294,294,129,31,-0.0038240432348561272,0.007299563607296185,-0.32310633912458947,-0.9205889029117326,0.0017377601862200288,-0.621847621018161
45, ARDLSEGGMDV,329,380,265,2381,2082,-0.0029950581034377654,-0.14791479030583768,0.8296180911492945,0.7826764141500694,-0.07545492420463772,0.806147252649682
46, ARDLSVFGMDV,236,305,194,1046,712,0.04556698657030653,-0.138996221706603,0.6163886095491619,0.46084226792197275,-0.04671461756814824,0.5386154387355673
47, ARDLSVRGGMDV,211,299,221,1006,427,0.08537929988974143,-0.03426537353713004,0.6478838835052899,0.28760899216463165,0.025556963176305694,0.4677464378349608
48, ARDLVSYGMDV,237,353,344,1463,268,0.10702021106810627,0.10695965095774496,0.7601543935462844,0.03567640702610702,0.10698993101292562,0.3979154002861957
49, ARDLVTWGLDY,265,369,405,102,237,0.0779139935347585,0.12936190988710985,-0.44085413804547147,-0.06580359549434404,0.10363795171093418,-0.25332886676990773
50, ARDLVTYGLDV,178,273,269,783,247,0.1194914379393252,0.12422824612007691,0.6126533055849687,0.12409973392653413,0.12185984202970106,0.3683765197557514
51, ARDLVVWGMDV,190,381,364,488,271,0.23562390176281162,0.22697701014972996,0.3794657657563161,0.13603662086668222,0.2313004559562708,0.25775119331149915
52, ARDLVVYGADY,256,494,387,256,187,0.21926598170110462,0.12461611520389547,-0.028809726119576714,-0.15327418998740364,0.17194104845250005,-0.09104195805349018
53, ARDLVVYGMDV,210,359,360,1042,306,0.16661395156842498,0.17894225954894802,0.6651921270092614,0.14535700425970485,0.1727781055586865,0.40527456563448316
54, ARDLYSSGGTDI,245,266,212,271,90,-0.02982993963997349,-0.11683799072365861,0.014824070811242852,-0.44939263070207447,-0.07333396518181605,-0.2172842799454158
55, ARDLYYYGMDV,310,468,450,187,28,0.11300635978707617,0.1071336657921058,-0.24741226588273438,-1.0478613070476703,0.11007001278959098,-0.6476367864652024
56, ARDNSSNWYYFDS,239,219,207,28,458,-0.10319465479056936,-0.11643039380786166,-0.9466229699322266,0.26410252790586625,-0.10981252429921551,-0.3412602210131802
57, ARDPGSRYSGGWYDYYYAMDV,276,550,381,180,65,0.2332657358861669,0.08530110678824296,-0.2136109203148407,-0.6404347494423688,0.1592834213372049,-0.4270228348786047
58, ARDPMRPGMDV,351,585,515,141,275,0.15594885863879004,0.11182455109006309,-0.42306404521465124,-0.12313249733270229,0.13388670486442655,-0.27309827127367675
59, ARDPSAYYDILTGYSGDV,220,229,172,68,359,-0.04807053156868736,-0.1606286576153324,-0.534352909067432,0.1944113111623876,-0.10434959459200988,-0.1699707989525222
60, ARDPYGYSSIWDGQGGH,184,320,301,122,131,0.17392721010068876,0.15855272749511964,-0.2060763430831925,-0.16409671311695284,0.1662399687979042,-0.18508652810007267
61, ARDQPLPDILTGYYTGPLDY,199,212,231,17,136,-0.03805648612641307,0.010175502167901253,-1.0745672166802518,-0.18180834442736346,-0.013940491979255908,-0.6281877805538076
62, ARDRGYDSSGYTAADAFDI,193,122,168,26,80,-0.2633027123919976,-0.11419751237556966,-0.8852476918908153,-0.3968156269713652,-0.18875011238378364,-0.6410316594310903
63, ARDRVIYGMDV,275,330,337,257,513,0.013512817809331406,0.03372513115341981,-0.058099102221564274,0.25255512101026906,0.023618974481375607,0.09722800939435239
64, ARDRVVYGMDV,251,488,381,350,628,0.2225022244409065,0.12638033507114743,0.11509684956470322,0.3797511887439358,0.17444127975602697,0.24742401915431952
65, ARDSSEVRDHPGHPGRSVGAFDI,206,220,182,83,0,-0.03698416567297658,-0.10780174278550551,-0.42050078551461273,-2.3334692613767065,-0.07239295422924105,-1.3769850234456595
66, ARDSTPGYGDY,235,286,327,93,2,0.019563799862716155,0.08867935368255525,-0.4285938754899847,-1.913289664170233,0.0541215767726357,-1.1709417698301088
67, ARDTFGRGGDY,258,340,360,101,172,0.05404852101007631,0.08992495076538884,-0.4335093184389109,-0.1927525768722453,0.07198673588773258,-0.3131309476555781
68, ARDTLGRGGDY,363,418,362,27,162,-0.0042934545839302144,-0.055477245671960634,-1.1427530784264135,-0.36641269516488717,-0.029885350127945423,-0.7545828867956503
69, ARDWGDYYFDY,219,429,507,89,181,0.22563968085621075,0.30915854440269586,-0.4169898975024581,-0.09985020875692041,0.2673991126294533,-0.25842005312968924
70, ARDWGEYYFDY,272,486,584,186,275,0.1859602202727087,0.2767107319824072,-0.19313076662383385,-0.012752480895327292,0.23133547612755795,-0.10294162375958057
71, ARDYGDFYFDY,186,387,408,157,416,0.25158402515653866,0.2855992144118256,-0.10199424570165307,0.3307955325174695,0.2685916197841821,0.11440064340790823
72, ARDYGDLYFDY,152,228,261,46,29,0.10973795762111965,0.1793273734431295,-0.541403299001458,-0.7250690920177253,0.14453266553212457,-0.6332361955095916
73, ARDYGDYFFDY,371,440,623,176,302,0.008489555684771534,0.17035916274150928,-0.3513793996396676,-0.10659922729938145,0.0894243592131404,-0.2289893134695245
74, ARDYGDYYFDY,130,224,260,41,3,0.1695051285544287,0.24508672462349954,-0.5228317313774404,-1.5327102202475908,0.20729592658896412,-1.0277709758125155
75, ARDYRDWI,281,348,433,45,678,0.02717022473864923,0.13295813413413235,-0.8163010027573637,0.36412175004135167,0.08006417943639078,-0.22608962635800603
76, ARDYTVTTGGVDGMDV,126,88,115,38,0,-0.2198198082122137,-0.0936282187880556,-0.5415488400490344,-2.121302636875746,-0.15672401350013465,-1.3314257384623902
77, ARDYYDSSGYYSSGGLGY,189,226,201,28,165,0.011866162339124221,-0.02768471856522244,-0.8451653291734496,-0.07614442883256282,-0.007909278113049109,-0.46065487900300617
78, AREAPNSRGSGTNFDY,180,151,201,45,239,-0.1412410808255816,-0.0066096924815779836,-0.6237304693071871,0.1050337509226325,-0.07392538665357978,-0.25934835919227733
79, AREAYGMDV,401,376,530,253,700,-0.09329079677984674,0.0665859809379818,-0.22820206258410872,0.22399304896239958,-0.013352407920932466,-0.00210450681085457
80, AREGDVEGYYDFWSGYSRDRYYFDY,176,322,277,89,191,0.19582316206812672,0.14178904249725247,-0.32254048304205846,0.017829046421953973,0.1688061022826896,-0.15235571831005223
81, AREGEVEGYNDFWSGYSRDRYYFDY,135,227,320,128,114,0.1589898447290667,0.3186836369756374,-0.05175892419054524,-0.09033998393639478,0.23883674085235204,-0.07104945406347
82, AREGEVEGYYDFWSGYSRDRYYFDY,143,290,302,38,330,0.24012440298948806,0.2687976493480382,-0.5961076111883271,0.3439665857606801,0.2544610261687631,-0.1260705127138235
83, AREGLGMDV,243,288,309,43,221,0.008101922516648841,0.04968938043652607,-0.7727468759721187,-0.05853576780787973,0.028895651476587455,-0.4156413218899992
84, AREGLLVGPTGRGLGMDV,295,350,248,119,293,0.008609311505715858,-0.1293748510222194,-0.42092019113089046,-0.020443296566570276,-0.06038276975825178,-0.22068174384873038
85, AREGLVGTALAFDY,399,520,520,1203,226,0.04937163807039248,0.06049524491254487,0.44975676947426657,-0.26353305005462857,0.05493344149146867,0.093111859709819
86, AREGLVGTTLTFDY,305,303,219,119,245,-0.06825393677399581,-0.19758123271839093,-0.43534990655353184,-0.11228523529798984,-0.13291758474619336,-0.27381757092576087
87, AREGMGIAAAGT,214,291,232,69,155,0.06753829763164343,-0.019365025948603586,-0.5161501460209251,-0.15681277748093272,0.024086635841519922,-0.3364814617509289
88, AREGMGMAAAGT,164,175,179,89,106,-0.037377370300926104,-0.016493926169617486,-0.29205116089415817,-0.20559908244848565,-0.026935648235271795,-0.24882512167132192
89, AREGPDSGYLDY,285,267,255,73,0,-0.09363733300142378,-0.10240855487621064,-0.6159440395176435,-2.473864949048832,-0.09802294393881722,-1.5449044942832377
90, ARELGPVGGTDQ,215,280,206,16,68,0.04884647485297934,-0.07276589275303039,-1.1328145558922338,-0.5131035763334645,-0.011959708950025523,-0.8229590661128492
91, ARESGDTTMAFDY,141,110,151,59,0,-0.17237145949756869,-0.02472724349730115,-0.4029468201189896,-2.1697872603028454,-0.09854935149743492,-1.2863670402109175
92, ARESTQ,297,187,128,42,0,-0.26546450871374494,-0.4179090408360235,-0.8695575346162455,-2.491715179996044,-0.3416867747748842,-1.6806363573061447
93, ARESYGMDV,356,334,280,82,347,-0.09302950297651756,-0.15824438326613055,-0.6623998498556959,-0.028587888085401213,-0.12563694312132406,-0.34549386897054857
94, AREVAAFDI,208,277,302,66,320,0.05849241590585273,0.10701385533223381,-0.5228812095298043,0.16885983037402907,0.08275313561904327,-0.17701068957788763
95, AREVVGYFDC,306,513,461,105,244,0.1584186496169197,0.12322111301992175,-0.49064223633199294,-0.11547120703244297,0.14081988131842071,-0.303056721682218
96, AREYSSGWYDY,287,403,377,79,205,0.08158278345020457,0.06381682501897724,-0.5851122268868639,-0.16302418330986646,0.07269980423459091,-0.3740682050983652
97, ARFRYGDYPDY,304,346,340,75,206,-0.009376458457081707,-0.005827947413305367,-0.6322959731855713,-0.18582840980965704,-0.007602202935193537,-0.40906219149761414
98, ARGDGELFFDH,270,253,273,70,49,-0.09354166815563723,-0.049501215113034965,-0.6105206682749071,-0.7514982024581759,-0.0715214416343361,-0.6810094353665415
99, ARGDGELFFDQ,313,333,260,125,17,-0.03858927516282006,-0.13457162779395118,-0.42536882907522877,-1.259156058889698,-0.08658045147838563,-0.8422624439824633
100, ARGDGGYYSPFDY,142,162,134,112,0,-0.008554526962273547,-0.0792847560290729,-0.1310673201012188,-2.1728349533848506,-0.04391964149567322,-1.1519511367430346
101, ARGDGWDNYYYGMDV,223,200,170,68,39,-0.1124580548148435,-0.17153439500102613,-0.5402086537164842,-0.7656869429259894,-0.14199622490793481,-0.6529477983212368
102, ARGEGWDLPYDY,299,374,323,74,317,0.03150391910688683,-0.020858731572067454,-0.6308697174475391,0.0078069493449812845,0.005322593767409688,-0.3115313840512789
103, ARGEGWELPYDY,188,260,256,92,247,0.07477260926386722,0.07918883209903316,-0.33678858173888576,0.10049096073318316,0.07698072068145019,-0.11814881050285131
104, ARGELGIPYGMDV,196,186,164,31,32,-0.08803071352626358,-0.13126476900670386,-0.8181259739612636,-0.7934512022034944,-0.10964774126648372,-0.805788588082379
105, ARGFGDYYFDY,285,344,256,162,443,0.01604696804306154,-0.10071539685676564,-0.2729881548446619,0.1735180210657879,-0.042334214406852054,-0.04973506688943699
106, ARGGRLADAAGDY,146,244,207,144,92,0.15644265571518676,0.0964635131555682,-0.03475905863277791,-0.2163333021140299,0.12645308443537748,-0.1255461803734039
107, ARGGSWPNVFDI,216,261,194,89,207,0.016435463570046317,-0.10070760954502868,-0.41102695052878135,-0.03589531480555693,-0.04213607298749118,-0.22346113266716913
108, ARGGYYYDPSGYYSRSFSFDY,278,307,315,118,241,-0.0224595806743229,-0.00019960771421093974,-0.3988669680006435,-0.07928775321295523,-0.01132959419426692,-0.23907736060679935
109, ARGHYDLFDY,369,504,439,139,150,0.06968356015049683,0.0209684653601753,-0.4508834145083337,-0.4067236926936145,0.04532601275533606,-0.4288035536009741
110, ARGKVGATGFED,342,191,225,119,112,-0.3173989852403905,-0.2354681679543868,-0.4849226001147224,-0.49971459247913974,-0.27643357659738865,-0.4923185962969311
111, ARGKVGATGFEY,404,287,210,132,407,-0.21346862935660726,-0.33745505497599315,-0.5124131083671595,-0.014293776044577504,-0.2754618421663002,-0.2633534422058685
112, ARGPEPDAFDI,344,250,214,46,60,-0.20355146749340552,-0.259663122216686,-0.8945309632571333,-0.769988175982296,-0.23160729485504578,-0.8322595696197146
113, ARGPYPSSSWA,290,358,331,153,283,0.02579536569124229,0.0029626076591118414,-0.30518199426902093,-0.028073564858658542,0.014378986675177065,-0.16662777956383973
114, ARGYGDYYFDY,351,441,384,173,165,0.033473511969791286,-0.01536442102864754,-0.3348031413151081,-0.3439334913578649,0.009054545470571874,-0.33936831633648645
115, ARGYGSGSYGWFDP,165,231,164,101,155,0.07997380294967504,-0.05690663088516599,-0.24031764239771425,-0.044482405605382476,0.011533586032254527,-0.14240002400154836
116, ARGYPGGP,159,60,114,32,50,-0.4841962415463273,-0.1977046293613303,-0.714415768897614,-0.5140487224777773,-0.3409504354538288,-0.6142322456876956
117, ARHIPAWGYK,178,172,139,70,147,-0.08021302175226729,-0.16100748236067233,-0.43040440838039457,-0.10009023150472472,-0.1206102520564698,-0.2652473199425596
118, ARIANYMDV,346,333,327,107,71,-0.08198910188047878,-0.07873811813821183,-0.5357154454235007,-0.7004958942793942,-0.0803636100093453,-0.6181056698514474
119, ARLASDGSGSYLDYFDY,216,144,143,47,357,-0.24049782551472415,-0.23237972881229704,-0.684028222592519,0.19992437687555592,-0.23643877716351058,-0.24205192285848157
120, ARRAASGWNFDY,225,231,210,69,72,-0.0540265481576708,-0.08410847090872549,-0.5378201252527208,-0.508284494946734,-0.06906750953319815,-0.5230523100997274
121, ARRSASGWNFDY,689,786,733,231,701,-0.008280452279360383,-0.02743551788020195,-0.5021708319659323,-0.010010894527238969,-0.017857985079781168,-0.25609086324658564
122, ARSAPLVGAYSGIYFDY,388,279,207,159,52,-0.20819766388465807,-0.32616875342196344,-0.4146393447893596,-0.8831726476447077,-0.26718320865331074,-0.6489059962170336
123, ARSFYFDAFDI,333,300,379,190,89,-0.11058606511889064,0.0017546427462285144,-0.27152282568341357,-0.5870028732920286,-0.05441571118633107,-0.4292628494877211
124, ARSLWLRGSFQH,166,187,248,41,226,-0.013964715785072962,0.11920038888913592,-0.6282769068692594,0.11581047012575053,0.05261783655203148,-0.25623321837175445
125, ARSYDILTGYRDAFDI,262,243,285,158,263,-0.097972016052198,-0.017872202419732072,-0.24736835028888304,-0.015850737539715734,-0.05792210923596504,-0.13160954391429938
126, ARTDIVVVPAARGFYFDY,165,240,255,95,158,0.09650286063364373,0.13384939021277723,-0.2666465811200634,-0.03620987963939257,0.11517612542321048,-0.15142823037972797
127, ARTMDGDYFDY,499,405,382,237,306,-0.1558500646599943,-0.17005371742641331,-0.3512027733990835,-0.22933054477862122,-0.1629518910432038,-0.29026665908885235
128, ARVEWAAAGTFY,231,324,289,177,176,0.08098928218680511,0.04262752594903923,-0.14387770870158237,-0.13501363444888195,0.061808404067922165,-0.13944567157523216
129, ARVGGAHSGYDGSFDY,231,224,195,64,0,-0.0787115606807067,-0.12751440059344082,-0.5813843543676208,-2.3829869008106885,-0.10311298063707376,-1.4821856275891547
130, ARVLPFGDYFDY,263,337,283,263,641,0.04190667950665411,-0.022568073881810587,-0.028809726119576662,0.36843218527923327,0.009669302812421761,0.1698112295798283
131, ARVLPMYGDYLDY,229,183,226,196,0,-0.162316106909226,-0.0599844658834874,-0.09607133597557665,-2.3792267519373818,-0.1111502863963567,-1.2376490439564791
132, ARVVGYDFWSGYDGGYFDY,224,232,185,46,2,-0.05023269098651313,-0.1369520609524634,-0.7088943862952217,-1.892560179311489,-0.09359237596948827,-1.3007272828033554
133, ARYYGPQGRAFDI,238,221,177,41,0,-0.09745102039866863,-0.18226038569826086,-0.783958336669814,-2.3958968168679267,-0.13985570304846473,-1.5899275767688703
134, ASEGRTTGTIVAYYYFAMDV,186,400,416,60,124,0.2658966721825137,0.29401196137824126,-0.5153214976453087,-0.19243050944823153,0.2799543167803775,-0.35387600354677007
135, ASHLMPDAFDI,349,237,227,51,91,-0.23289718119493322,-0.24041568440883906,-0.8568744268350531,-0.5977791329245092,-0.23665643280188614,-0.7273267798797811
136, ASPLLLTPPDYYYYMDV,171,310,162,36,79,0.19182584821811907,-0.07762332956260833,-0.6961364489601306,-0.3499373758353943,0.05710125932775537,-0.5230369123977625
137, ASSSWLRGAFDI,518,264,272,134,302,-0.35732757781281954,-0.33328719786671906,-0.6136433154730284,-0.2512236452659418,-0.34530738783976933,-0.43243348036948515
138, ATDLTSGRGP,396,215,280,47,229,-0.3297428495133538,-0.20436667391705246,-0.9463589955071047,-0.2545615866653111,-0.26705476171520315,-0.6004602910862079
139, ATGARFGESPFDY,407,438,322,207,123,-0.033601736748928114,-0.15574012781779425,-0.3214065542466951,-0.5347373938474338,-0.09467093228336118,-0.42807197404706443
140, CGGYGSSWYLDY,507,563,441,95,346,-0.019990702201746584,-0.1147239299938446,-0.7524022053639275,-0.18303315341283452,-0.06735731609779559,-0.46771767938838105
141, TRDPVPGRGDAY,558,410,452,138,284,-0.19897607991152363,-0.14559609293260856,-0.633206733751905,-0.310065863797702,-0.1722860864220661,-0.4716362987748035
142, VRDYGDFYFDY,355,301,337,82,369,-0.1368491489168942,-0.07681578475423766,-0.6611816317163779,-0.0007471898256691539,-0.10683246683556594,-0.3309644107710235
